<?xml version='1.0' encoding='UTF-8'?>

<!DOCTYPE properties SYSTEM 'http://java.sun.com/dtd/properties.dtd'>

<properties>

    <!--

    DO NOT MODIFY THIS FILE. Use traccar.xml instead.

    -->

    <entry key='web.port'>80</entry>
    <entry key='web.path'>./web</entry>

    <entry key='geocoder.enable'>false</entry>
    <entry key='geocoder.type'>google</entry>

    <entry key='logger.level'>info</entry>
    <entry key='logger.file'>./logs/tracker-server.log</entry>
    <entry key='logger.rotate'>true</entry>

    <entry key='filter.enable'>true</entry>
    <entry key='filter.future'>86400</entry>

    <entry key='event.ignoreDuplicateAlerts'>true</entry>
    <entry key='processing.computedAttributes.enable'>true</entry>
    <entry key='processing.engineHours.enable'>true</entry>

    <entry key='media.path'>./media</entry>
	
	<entry key='sms.enable'>true</entry>

	<entry key='notificator.types'>web,mail,sms</entry>
    <entry key='notificator.sms.manager.class'>org.traccar.sms.HttpSmsClient</entry>
    <entry key='sms.http.url'>https://smsc.hubtel.com/v1/messages/send</entry>
    <entry key='sms.http.user'>ozwkrwei</entry>
    <entry key='sms.http.password'>ybuezwlj</entry>
    <entry key='sms.http.template'>
    {
	    "From": "Testing",
        "To": "{phone}",
        "Content": "{message}",
		"RegisteredDelivery": "true"
    }
    </entry>
	
	<entry key='mail.smtp.port'>587</entry>
	<entry key='mail.smtp.starttls.enable'>true</entry>
	<entry key='mail.smtp.host'>smtp.gmail.com</entry>
	<entry key='mail.smtp.from'>vertexgpstracker@gmail.com</entry>
	<entry key='mail.smtp.auth'>true</entry>
	<entry key='mail.smtp.username'>vertexgpstracker@gmail.com</entry>
	<entry key='mail.smtp.password'>pexglrctwxogpwhg</entry>

    <entry key='server.statistics'>https://www.vertextrackergh.com/analytics/</entry>

    <entry key='commands.queueing'>true</entry>

    <entry key='database.ignoreUnknown'>true</entry>
    <entry key='database.generateQueries'>true</entry>
    <entry key='database.changelog'>./schema/changelog-master.xml</entry>
 
    <entry key='database.loginUser'>
        SELECT * FROM tc_users
        WHERE phone = :email OR login = :email
    </entry>

    <entry key='database.selectPositions'>
        SELECT * FROM tc_positions WHERE deviceId = :deviceId AND fixTime BETWEEN :from AND :to ORDER BY fixTime
    </entry>

    <entry key='database.selectLatestPositions'>
        SELECT tc_positions.* FROM tc_positions INNER JOIN tc_devices ON tc_positions.id = tc_devices.positionid;
    </entry>

    <entry key='database.updateLatestPosition'>
        UPDATE tc_devices SET positionId = :id WHERE id = :deviceId
    </entry>

    <entry key='database.selectEvents'>
        SELECT * FROM tc_events WHERE deviceId = :deviceId AND serverTime BETWEEN :from AND :to ORDER BY serverTime
    </entry>

    <entry key='database.selectStatistics'>
        SELECT * FROM tc_statistics WHERE captureTime BETWEEN :from AND :to ORDER BY captureTime
    </entry>

    
    <entry key='teltonika.port'>5027</entry>
    <entry key='osmand.port'>5055</entry>
    

</properties>
